{
  "metrics": {
    "stage_fail_reqs": {
      "contains": "default",
      "values": {
        "count": 0,
        "rate": 0
      },
      "type": "counter"
    },
    "http_reqs": {
      "contains": "default",
      "values": {
        "count": 449949,
        "rate": 2499.427017789569
      },
      "type": "counter"
    },
    "vus_max": {
      "type": "gauge",
      "contains": "default",
      "values": {
        "value": 1500,
        "min": 1500,
        "max": 1500
      }
    },
    "window_accepted_reqs": {
      "values": {
        "count": 449949,
        "rate": 2499.427017789569
      },
      "type": "counter",
      "contains": "default"
    },
    "http_req_tls_handshaking": {
      "type": "trend",
      "contains": "time",
      "values": {
        "med": 0,
        "p(90)": 0,
        "p(95)": 0,
        "p(99)": 0,
        "max": 0,
        "count": 449949,
        "avg": 0,
        "min": 0
      }
    },
    "stage_req_duration": {
      "type": "trend",
      "contains": "time",
      "values": {
        "avg": 17.60810002511317,
        "min": 4.0505,
        "med": 13.6373,
        "p(90)": 27.052720000000004,
        "p(95)": 38.67111999999997,
        "p(99)": 71.444104,
        "max": 242.2108,
        "count": 449949
      }
    },
    "iteration_duration": {
      "values": {
        "p(90)": 27.584920000000004,
        "p(95)": 39.214079999999925,
        "p(99)": 71.8851,
        "max": 243.2132,
        "count": 449949,
        "avg": 18.019939229334156,
        "min": 4.0505,
        "med": 14.0344
      },
      "type": "trend",
      "contains": "time"
    },
    "biz_degraded_reqs": {
      "type": "counter",
      "contains": "default",
      "values": {
        "count": 0,
        "rate": 0
      }
    },
    "http_req_sending": {
      "type": "trend",
      "contains": "time",
      "values": {
        "p(99)": 0.5386,
        "max": 14.0149,
        "count": 449949,
        "avg": 0.015282091970423347,
        "min": 0,
        "med": 0,
        "p(90)": 0,
        "p(95)": 0
      }
    },
    "http_req_duration": {
      "values": {
        "p(99)": 71.444104,
        "max": 242.2108,
        "count": 449949,
        "avg": 17.60810002511317,
        "min": 4.0505,
        "med": 13.6373,
        "p(90)": 27.052720000000004,
        "p(95)": 38.67111999999997
      },
      "thresholds": {
        "p(95)<500": {
          "ok": true
        },
        "p(99)<1200": {
          "ok": true
        }
      },
      "type": "trend",
      "contains": "time"
    },
    "http_req_blocked": {
      "contains": "time",
      "values": {
        "p(95)": 0,
        "p(99)": 0,
        "max": 24.4648,
        "count": 449949,
        "avg": 0.009591328572793793,
        "min": 0,
        "med": 0,
        "p(90)": 0
      },
      "type": "trend"
    },
    "biz_success_rate": {
      "type": "rate",
      "contains": "default",
      "values": {
        "rate": 1,
        "passes": 449949,
        "fails": 0
      }
    },
    "window_fail_reqs": {
      "values": {
        "count": 0,
        "rate": 0
      },
      "type": "counter",
      "contains": "default"
    },
    "stage_biz_success_reqs": {
      "type": "counter",
      "contains": "default",
      "values": {
        "count": 449949,
        "rate": 2499.427017789569
      }
    },
    "window_reqs": {
      "type": "counter",
      "contains": "default",
      "values": {
        "count": 449949,
        "rate": 2499.427017789569
      }
    },
    "biz_accepted_reqs": {
      "values": {
        "count": 449949,
        "rate": 2499.427017789569
      },
      "type": "counter",
      "contains": "default"
    },
    "window_req_duration": {
      "type": "trend",
      "contains": "time",
      "values": {
        "p(95)": 38.67111999999997,
        "p(99)": 71.444104,
        "max": 242.2108,
        "count": 449949,
        "avg": 17.60810002511317,
        "min": 4.0505,
        "med": 13.6373,
        "p(90)": 27.052720000000004
      }
    },
    "biz_success_reqs": {
      "type": "counter",
      "contains": "default",
      "values": {
        "count": 449949,
        "rate": 2499.427017789569
      }
    },
    "stage_accepted_reqs": {
      "type": "counter",
      "contains": "default",
      "values": {
        "count": 449949,
        "rate": 2499.427017789569
      }
    },
    "http_req_connecting": {
      "type": "trend",
      "contains": "time",
      "values": {
        "max": 24.4648,
        "count": 449949,
        "avg": 0.007170459985465027,
        "min": 0,
        "med": 0,
        "p(90)": 0,
        "p(95)": 0,
        "p(99)": 0
      }
    },
    "iterations": {
      "type": "counter",
      "contains": "default",
      "values": {
        "count": 449949,
        "rate": 2499.427017789569
      }
    },
    "http_req_waiting": {
      "type": "trend",
      "contains": "time",
      "values": {
        "p(90)": 26.865800000000007,
        "p(95)": 38.431959999999975,
        "p(99)": 71.1528,
        "max": 242.2108,
        "count": 449949,
        "avg": 17.4611077888821,
        "min": 4.0505,
        "med": 13.5095
      }
    },
    "http_req_receiving": {
      "contains": "time",
      "values": {
        "avg": 0.13171014426079247,
        "min": 0,
        "med": 0,
        "p(90)": 0.5815,
        "p(95)": 0.7221,
        "p(99)": 1.4263,
        "max": 21.4709,
        "count": 449949
      },
      "type": "trend"
    },
    "window_biz_success_reqs": {
      "values": {
        "count": 449949,
        "rate": 2499.427017789569
      },
      "type": "counter",
      "contains": "default"
    },
    "biz_accepted_rate": {
      "type": "rate",
      "contains": "default",
      "values": {
        "rate": 1,
        "passes": 449949,
        "fails": 0
      }
    },
    "biz_fail_reqs": {
      "type": "counter",
      "contains": "default",
      "values": {
        "count": 0,
        "rate": 0
      }
    },
    "checks": {
      "type": "rate",
      "contains": "default",
      "values": {
        "rate": 1,
        "passes": 449949,
        "fails": 0
      }
    },
    "data_received": {
      "values": {
        "count": 158831997,
        "rate": 882297.7372797178
      },
      "type": "counter",
      "contains": "data"
    },
    "http_req_failed": {
      "thresholds": {
        "rate<0.01": {
          "ok": true
        }
      },
      "type": "rate",
      "contains": "default",
      "values": {
        "rate": 0,
        "passes": 0,
        "fails": 449949
      }
    },
    "http_req_duration{expected_response:true}": {
      "contains": "time",
      "values": {
        "min": 4.0505,
        "med": 13.6373,
        "p(90)": 27.052720000000004,
        "p(95)": 38.67111999999997,
        "p(99)": 71.444104,
        "max": 242.2108,
        "count": 449949,
        "avg": 17.60810002511317
      },
      "type": "trend"
    },
    "data_sent": {
      "contains": "data",
      "values": {
        "count": 301766205,
        "rate": 1676284.6585564713
      },
      "type": "counter"
    },
    "stage_reqs": {
      "type": "counter",
      "contains": "default",
      "values": {
        "rate": 2499.427017789569,
        "count": 449949
      }
    },
    "vus": {
      "type": "gauge",
      "contains": "default",
      "values": {
        "max": 336,
        "value": 42,
        "min": 17
      }
    }
  },
  "root_group": {
    "name": "",
    "path": "",
    "id": "d41d8cd98f00b204e9800998ecf8427e",
    "groups": [],
    "checks": [
        {
          "name": "status_ok",
          "path": "::status_ok",
          "id": "387db482b16025de3dc142b315716c4b",
          "passes": 449949,
          "fails": 0
        }
      ]
  },
  "options": {
    "summaryTrendStats": [
      "avg",
      "min",
      "med",
      "p(90)",
      "p(95)",
      "p(99)",
      "max",
      "count"
    ],
    "summaryTimeUnit": "",
    "noColor": false
  },