{
  "state": {
    "isStdOutTTY": true,
    "isStdErrTTY": true,
    "testRunDurationMs": 600190.3421
  },
  "metrics": {
    "stage_reqs": {
      "type": "counter",
      "contains": "default",
      "values": {
        "count": 3000002,
        "rate": 4998.417651146006
      }
    },
    "vus": {
      "type": "gauge",
      "contains": "default",
      "values": {
        "value": 78,
        "min": 21,
        "max": 1388
      }
    },
    "http_req_blocked": {
      "type": "trend",
      "contains": "time",
      "values": {
        "med": 0,
        "p(90)": 0,
        "p(95)": 0,
        "p(99)": 0,
        "max": 25.0075,
        "count": 3000002,
        "avg": 0.0026654589230273814,
        "min": 0
      }
    },
    "stage_req_duration": {
      "type": "trend",
      "contains": "time",
      "values": {
        "p(90)": 24.9688,
        "p(95)": 34.557084999999915,
        "p(99)": 84.9819879999997,
        "max": 448.8281,
        "count": 3000002,
        "avg": 14.157416690355161,
        "min": 0,
        "med": 9.5424
      }
    },
    "http_req_connecting": {
      "type": "trend",
      "contains": "time",
      "values": {
        "avg": 0.0014919412720391496,
        "min": 0,
        "med": 0,
        "p(90)": 0,
        "p(95)": 0,
        "p(99)": 0,
        "max": 25.0075,
        "count": 3000002
      }
    },
    "http_req_tls_handshaking": {
      "values": {
        "p(95)": 0,
        "p(99)": 0,
        "max": 0,
        "count": 3000002,
        "avg": 0,
        "min": 0,
        "med": 0,
        "p(90)": 0
      },
      "type": "trend",
      "contains": "time"
    },
    "endpoint_req_duration": {
      "values": {
        "count": 3000002,
        "avg": 14.157416690355161,
        "min": 0,
        "med": 9.5424,
        "p(90)": 24.9688,
        "p(95)": 34.557084999999915,
        "p(99)": 84.9819879999997,
        "max": 448.8281
      },
      "type": "trend",
      "contains": "time"
    },
    "http_req_duration{expected_response:true}": {
      "type": "trend",
      "contains": "time",
      "values": {
        "count": 3000002,
        "avg": 14.157416690355161,
        "min": 0,
        "med": 9.5424,
        "p(90)": 24.9688,
        "p(95)": 34.557084999999915,
        "p(99)": 84.9819879999997,
        "max": 448.8281
      }
    },
    "window_reqs": {
      "type": "counter",
      "contains": "default",
      "values": {
        "count": 3000002,
        "rate": 4998.417651146006
      }
    },
    "window_biz_success_reqs": {
      "type": "counter",
      "contains": "default",
      "values": {
        "count": 3000002,
        "rate": 4998.417651146006
      }
    },
    "endpoint_fail_reqs": {
      "type": "counter",
      "contains": "default",
      "values": {
        "count": 0,
        "rate": 0
      }
    },
    "http_req_failed": {
      "type": "rate",
      "contains": "default",
      "values": {
        "rate": 0,
        "passes": 0,
        "fails": 3000002
      }
    },
    "load_req_duration": {
      "type": "trend",
      "contains": "time",
      "values": {
        "p(90)": 24.9688,
        "p(95)": 34.557084999999915,
        "p(99)": 84.9819879999997,
        "max": 448.8281,
        "count": 3000002,
        "avg": 14.157416690355161,
        "min": 0,
        "med": 9.5424
      },
      "thresholds": {
        "p(95)<500": {
          "ok": true
        },
        "p(99)<1200": {
          "ok": true
        }
      }
    },
    "http_req_sending": {
      "values": {
        "p(99)": 0.3649,
        "max": 22.5441,
        "count": 3000002,
        "avg": 0.014183161844558801,
        "min": 0,
        "med": 0,
        "p(90)": 0,
        "p(95)": 0
      },
      "type": "trend",
      "contains": "time"
    },
    "data_sent": {
      "type": "counter",
      "contains": "data",
      "values": {
        "count": 2079560308,
        "rate": 3464834.6734868265
      }
    },
    "data_received": {
      "type": "counter",
      "contains": "data",
      "values": {
        "rate": 1729532.3136456716,
        "count": 1038048591
      }
    },
    "checks": {
      "type": "rate",
      "contains": "default",
      "values": {
        "rate": 1,
        "passes": 3000002,
        "fails": 0
      }
    },
    "biz_degraded_reqs": {
      "type": "counter",
      "contains": "default",
      "values": {
        "count": 0,
        "rate": 0
      }
    },
    "load_http_reqs": {
      "type": "counter",
      "contains": "default",
      "values": {
        "count": 3000002,
        "rate": 4998.417651146006
      }
    },
    "stage_biz_success_reqs": {
      "values": {
        "rate": 4998.417651146006,
        "count": 3000002
      },
      "type": "counter",
      "contains": "default"
    },
    "load_req_failed": {
      "type": "rate",
      "contains": "default",
      "values": {
        "passes": 0,
        "fails": 3000002,
        "rate": 0
      },
      "thresholds": {
        "rate<0.01": {
          "ok": true
        }
      }
    },
    "stage_accepted_reqs": {
      "type": "counter",
      "contains": "default",
      "values": {
        "rate": 4998.417651146006,
        "count": 3000002
      }
    },
    "stage_fail_reqs": {
      "type": "counter",
      "contains": "default",
      "values": {
        "rate": 0,
        "count": 0
      }
    },
    "endpoint_accepted_reqs": {
      "type": "counter",
      "contains": "default",
      "values": {
        "count": 3000002,
        "rate": 4998.417651146006
      }
    },
    "biz_success_rate": {
      "type": "rate",
      "contains": "default",
      "values": {
        "fails": 0,
        "rate": 1,
        "passes": 3000002
      }
    },
    "window_fail_reqs": {
      "type": "counter",
      "contains": "default",
      "values": {
        "rate": 0,
        "count": 0
      }
    },
    "biz_accepted_rate": {
      "type": "rate",
      "contains": "default",
      "values": {
        "rate": 1,
        "passes": 3000002,
        "fails": 0
      }
    },
    "endpoint_reqs": {
      "type": "counter",
      "contains": "default",
      "values": {
        "rate": 4998.417651146006,
        "count": 3000002
      }
    },
    "biz_accepted_reqs": {
      "type": "counter",
      "contains": "default",
      "values": {
        "count": 3000002,
        "rate": 4998.417651146006
      }
    },
    "http_req_waiting": {
      "type": "trend",
      "contains": "time",
      "values": {
        "med": 9.4566,
        "p(90)": 24.83198999999999,
        "p(95)": 34.4011,
        "p(99)": 84.84739699999992,
        "max": 448.8281,
        "count": 3000002,
        "avg": 14.063538124074698,
        "min": 0
      }
    },
    "window_req_duration": {
      "type": "trend",
      "contains": "time",
      "values": {
        "p(95)": 34.557084999999915,
        "p(99)": 84.9819879999997,
        "max": 448.8281,
        "count": 3000002,
        "avg": 14.157416690355161,
        "min": 0,
        "med": 9.5424,
        "p(90)": 24.9688
      }
    },
    "biz_fail_reqs": {
      "type": "counter",
      "contains": "default",
      "values": {
        "count": 0,
        "rate": 0
      }
    },
    "http_req_receiving": {
      "contains": "time",
      "values": {
        "avg": 0.07969540443639624,
        "min": 0,
        "med": 0,
        "p(90)": 0.5171,
        "p(95)": 0.6365,
        "p(99)": 0.9982,
        "max": 28.0654,
        "count": 3000002
      },
      "type": "trend"
    },
    "endpoint_biz_success_reqs": {
      "type": "counter",
      "contains": "default",
      "values": {
        "count": 3000002,
        "rate": 4998.417651146006
      }
    },
    "iterations": {
      "contains": "default",
      "values": {
        "count": 3000002,
        "rate": 4998.417651146006
      },
      "type": "counter"
    },
    "vus_max": {
      "type": "gauge",
      "contains": "default",
      "values": {
        "value": 1500,
        "min": 1500,